{"$schema":"http://schema.management.azure.com/schemas/2015-01-01/deploymentTemplate.json#","contentVersion":"1.0.0.0","parameters":{"patsLakehouse2":{"type":"string"}},"variables":{},"resources":[{"name":"PDFExtractStructuredContent","type":"pipelines","apiVersion":"2018-06-01","properties":{"activities":[{"name":"get_PDFFilePaths","type":"GetMetadata","dependsOn":[],"policy":{"timeout":"0.12:00:00","retry":0,"retryIntervalInSeconds":30,"secureOutput":false,"secureInput":false},"typeProperties":{"fieldList":["childItems"],"datasetSettings":{"annotations":[],"linkedService":{"name":"patsLakehouse2","properties":{"annotations":[],"type":"Lakehouse","typeProperties":{"workspaceId":"aae94c66-eabb-4628-a4d4-c3b3565ce9a4","artifactId":"[parameters('patsLakehouse2')]","rootFolder":"Files"}}},"type":"Binary","typeProperties":{"location":{"type":"LakehouseLocation","folderPath":"PDF"}}},"storeSettings":{"type":"LakehouseReadSettings","recursive":true,"enablePartitionDiscovery":false},"formatSettings":{"type":"BinaryReadSettings"}}},{"name":"ForEachFileInFolder","type":"ForEach","dependsOn":[{"activity":"get_PDFFilePaths","dependencyConditions":["Succeeded"]}],"typeProperties":{"items":{"value":"@activity('get_PDFFilePaths').output.childItems","type":"Expression"},"isSequential":true,"activities":[{"name":"GetStructuredContentFromPDF","type":"TridentNotebook","dependsOn":[],"policy":{"timeout":"0.12:00:00","retry":0,"retryIntervalInSeconds":30,"secureOutput":false,"secureInput":false},"typeProperties":{"notebookId":"dfb45bee-3f27-40f4-af15-47bede69460d","workspaceId":"aae94c66-eabb-4628-a4d4-c3b3565ce9a4","parameters":{"document_path":{"value":{"value":"@concat('Files/PDF/', item().name)","type":"Expression"},"type":"string"}}}}]}}],"lastModifiedByObjectId":"412f39ef-b81f-4105-bc58-79ca49fb5976","lastPublishTime":"2025-01-20T16:55:25Z","extraTridentInfo":"{\"folderObjectId\":\"aae94c66-eabb-4628-a4d4-c3b3565ce9a4\",\"capacityObjectId\":\"0DDE335A-0AE3-437F-8DF7-A76BE523AC6A\",\"artifactType\":\"Pipeline\",\"provisionState\":\"Active\",\"lastUpdatedDate\":\"2025-01-20T16:55:26.048Z\",\"createdDate\":\"2025-01-10T16:40:15.203Z\",\"ownerUser\":{\"id\":718475,\"name\":\"Patrik Borosch\",\"objectId\":\"412f39ef-b81f-4105-bc58-79ca49fb5976\",\"userPrincipalName\":\"xpatrik@tsidemostemp.onmicrosoft.com\",\"aadAppId\":null,\"type\":null},\"ownerUserId\":718475,\"createdByUser\":{\"id\":718475,\"name\":\"Patrik Borosch\",\"objectId\":\"412f39ef-b81f-4105-bc58-79ca49fb5976\",\"userPrincipalName\":\"xpatrik@tsidemostemp.onmicrosoft.com\",\"aadAppId\":null,\"type\":null},\"createdByUserId\":718475,\"modifiedByUser\":{\"id\":718475,\"name\":\"Patrik Borosch\",\"objectId\":\"412f39ef-b81f-4105-bc58-79ca49fb5976\",\"userPrincipalName\":\"xpatrik@tsidemostemp.onmicrosoft.com\",\"aadAppId\":null,\"type\":null},\"modifiedByUserId\":718475,\"artifactRelations\":[{\"dependentArtifactObjectId\":\"dfb45bee-3f27-40f4-af15-47bede69460d\",\"settings\":0},{\"dependentArtifactObjectId\":\"eb86c034-37eb-4552-924c-e03162873831\",\"settings\":0}],\"permissions\":71,\"artifactPermissions\":7,\"subfolderId\":6080,\"systemArtifactType\":\"None\",\"etag\":\"\\\"cb965cf399404c3fa5cc9f633d5216a6\\\"\"}"},"dependsOn":[]}]}